estmtd_rsdnt_ppltn_smmry_sttstcs_30_jne_fmls_ttl_nm, lga_name_2019, births_deaths_year_ended_31_december_and_num, lga_code_2019, estmtd_rsdnt_ppltn_smmry_sttstcs_30_jne_mdn_age_fmls_yrs, estmtd_rsdnt_ppltn_smmry_sttstcs_30_jne_mls_ttl_nm, brths_dths_yr_endd_31_dcmbr_and_stndrdsd_dth_rte_pr_1000_ppltn, speaks_language_english_home_census_a_other_than_at_pc, estmtd_rsdnt_ppltn_smmry_sttstcs_30_jne_mdn_age_prsns_yrs, estmtd_rsdnt_ppltn_smmry_sttstcs_30_jne_mdn_age_mls_yrs, brths_dths_yr_endd_31_dcmbr_and_nm, estmtd_rsdnt_ppltn_smmry_sttstcs_30_jne_prsns_ttl_nm, yr, population_density_as_at_30_june_population_density_personskm2, australian_citizenship_census_australian_citizen_pc
28005,"Albury (C)",null,"10050",40.1,26348,null,null,38.6,37.3,null,54353,2019,177.7,null
15784,"Armidale Regional (A)",null,"10130",36.8,14995,null,null,35.9,34.8,null,30779,2019,3.6,null
23079,"Ballina (A)",null,"10250",48.8,21549,null,null,47.6,46.2,null,44628,2019,92.0,null
1145,"Balranald (A)",null,"10300",40.1,1193,null,null,40.2,40.2,null,2338,2019,0.1,null
21657,"Bathurst Regional (A)",null,"10470",38.2,21961,null,null,36.7,35.3,null,43618,2019,11.4,null
88675,"Bayside (A)",null,"10500",35.9,89721,null,null,35.1,34.3,null,178396,2019,3575.8,null
754,"Brewarrina (A)",null,"11200",35.7,857,null,null,32.7,31.3,null,1611,2019,0.1,null
17539,"Bega Valley (A)",null,"10550",51.4,16937,null,null,51.2,51.1,null,34476,2019,5.5,null
6653,"Bellingen (A)",null,"10600",49.5,6343,null,null,49.1,48.6,null,12996,2019,8.1,null
4352,"Berrigan (A)",null,"10650",50.1,4398,null,null,49.4,48.6,null,8750,2019,4.2,null
51498,"Camden (A)",null,"11450",32.8,49939,null,null,32.4,32.0,null,101437,2019,504.6,null
186822,"Blacktown (C)",null,"10750",34.3,187629,null,null,33.8,33.2,null,374451,2019,1559.9,null
2946,"Bland (A)",null,"10800",43.5,3026,null,null,43.4,43.2,null,5972,2019,0.7,null
3694,"Blayney (A)",null,"10850",42.7,3685,null,null,42.8,42.8,null,7379,2019,4.8,null
40592,"Blue Mountains (C)",null,"10900",45.3,38526,null,null,44.0,42.5,null,79118,2019,55.3,null
1280,"Bogan (A)",null,"10950",41.3,1300,null,null,40.5,39.8,null,2580,2019,0.2,null
1352,"Bourke (A)",null,"11150",33.6,1238,null,null,35.8,37.7,null,2590,2019,0.1,null
8967,"Broken Hill (C)",null,"11250",45.8,8512,null,null,45.0,44.2,null,17479,2019,102.7,null
18149,"Byron (A)",null,"11350",43.9,16932,null,null,43.8,43.8,null,35081,2019,62.0,null
6832,"Cabonne (A)",null,"11400",44.0,6802,null,null,43.5,43.1,null,13634,2019,2.3,null
20613,"Burwood (A)",null,"11300",33.5,19999,null,null,32.8,32.1,null,40612,2019,5697.5,null
86478,"Campbelltown (C) (NSW)",null,"11500",35.0,84465,null,null,34.4,33.7,null,170943,2019,548.1,null
1484,"Hay (A)",null,"13850",45.4,1465,null,null,45.5,45.8,null,2949,2019,0.3,null
49450,"Canada Bay (A)",null,"11520",37.7,46624,null,null,36.7,35.8,null,96074,2019,4822.2,null
187930,"Canterbury-Bankstown (A)",null,"11570",35.8,189987,null,null,35.0,34.2,null,377917,2019,3428.2,null
1360,"Carrathool (A)",null,"11600",37.3,1439,null,null,38.9,40.3,null,2799,2019,0.1,null
175685,"Central Coast (C) (NSW)",null,"11650",43.4,168283,null,null,41.9,40.3,null,343968,2019,204.6,null
22806,"Strathfield (A)",null,"17100",33.3,24120,null,null,32.4,31.6,null,46926,2019,3351.6,null
850,"Central Darling (A)",null,"11700",36.1,989,null,null,37.2,38.8,null,1839,2019,null,null
29814,"Cessnock (C)",null,"11720",37.8,30171,null,null,37.0,36.2,null,59985,2019,30.5,null
25771,"Clarence Valley (A)",null,"11730",49.9,25891,null,null,49.2,48.3,null,51662,2019,5.0,null
2213,"Cobar (A)",null,"11750",36.6,2445,null,null,36.7,36.8,null,4658,2019,0.1,null
1648,"Lockhart (A)",null,"14950",42.7,1637,null,null,44.5,47.0,null,3285,2019,1.1,null
39801,"Coffs Harbour (C)",null,"11800",44.1,37476,null,null,43.2,42.2,null,77277,2019,65.8,null
2185,"Coolamon (A)",null,"12000",45.6,2156,null,null,44.5,43.2,null,4341,2019,1.8,null
1942,"Coonamble (A)",null,"12150",41.6,2016,null,null,40.8,40.2,null,3958,2019,0.4,null
5565,"Cootamundra-Gundagai Regional (A)",null,"12160",48.1,5670,null,null,47.1,46.0,null,11235,2019,2.8,null
6370,"Cowra (A)",null,"12350",46.9,6373,null,null,46.4,45.9,null,12743,2019,4.5,null
115696,"Cumberland (A)",null,"12380",33.5,125825,null,null,32.9,32.4,null,241521,2019,3375.5,null
27131,"Dubbo Regional (A)",null,"12390",37.6,26588,null,null,36.4,35.2,null,53719,2019,7.1,null
4697,"Dungog (A)",null,"12700",44.1,4726,null,null,44.7,45.2,null,9423,2019,4.2,null
80138,"Glen Eira (C)",null,"22310",37.2,76373,null,null,36.4,35.5,null,156511,2019,4045.2,null
4584,"Edward River (A)",null,"12730",45.6,4500,null,null,44.7,43.8,null,9084,2019,1.0,null
19622,"Eurobodalla (A)",null,"12750",55.0,18851,null,null,54.4,53.7,null,38473,2019,11.2,null
106395,"Fairfield (C)",null,"12850",37.6,105300,null,null,36.5,35.4,null,211695,2019,2085.5,null
6281,"Federation (A)",null,"12870",50.5,6156,null,null,50.4,50.2,null,12437,2019,2.2,null
4915,"Forbes (A)",null,"12900",40.6,4991,null,null,40.7,40.8,null,9906,2019,2.1,null
80460,"Georges River (A)",null,"12930",37.6,79011,null,null,36.1,34.6,null,159471,2019,4158.7,null
737,"Aurukun (S)",null,"30250",26.7,681,null,null,28.3,29.6,null,1418,2019,0.2,null
2127,"Gilgandra (A)",null,"12950",43.7,2112,null,null,44.1,44.5,null,4239,2019,0.9,null
4445,"Glen Innes Severn (A)",null,"13010",48.8,4426,null,null,47.8,47.1,null,8871,2019,1.6,null
15287,"Goulburn Mulwaree (A)",null,"13310",43.1,15845,null,null,41.5,40.0,null,31132,2019,9.7,null
5274,"Greater Hume Shire (A)",null,"13340",44.1,5490,null,null,44.1,44.2,null,10764,2019,1.9,null
13566,"Griffith (C)",null,"13450",37.2,13463,null,null,36.4,35.6,null,27029,2019,16.5,null
6270,"Gunnedah (A)",null,"13550",39.6,6411,null,null,38.3,37.2,null,12681,2019,2.5,null
119,"Barcoo (S)",null,"30450",47.5,147,null,null,49.0,50.2,null,266,2019,null,null
2678,"Gwydir (A)",null,"13660",47.5,2675,null,null,47.8,48.1,null,5353,2019,0.6,null
33806,"Hawkesbury (C)",null,"13800",38.5,33490,null,null,37.5,36.5,null,67296,2019,24.2,null
9538,"Hilltops (A)",null,"13910",44.4,9166,null,null,44.3,44.2,null,18704,2019,2.6,null
76918,"Hornsby (A)",null,"14000",40.7,75141,null,null,39.8,38.7,null,152059,2019,334.2,null
7371,"Hunters Hill (A)",null,"14100",45.2,7609,null,null,42.1,37.8,null,14980,2019,2620.3,null
101864,"Inner West (A)",null,"14170",36.6,98947,null,null,36.2,35.8,null,200811,2019,5677.2,null
8562,"Inverell (A)",null,"14200",42.9,8328,null,null,42.2,41.2,null,16890,2019,2.0,null
2867,"Junee (A)",null,"14300",40.3,3816,null,null,39.1,38.6,null,6683,2019,3.3,null
635354,"Brisbane (C)",null,"31000",35.6,618628,null,null,34.9,34.3,null,1253982,2019,933.9,null
14597,"Kempsey (A)",null,"14350",48.1,15148,null,null,47.4,46.7,null,29745,2019,8.8,null
11869,"Kiama (A)",null,"14400",47.9,11517,null,null,46.4,44.6,null,23386,2019,90.8,null
65941,"Ku-ring-gai (A)",null,"14500",42.2,61212,null,null,41.1,39.8,null,127153,2019,1488.7,null
4263,"Kyogle (A)",null,"14550",51.1,4533,null,null,51.4,51.8,null,8796,2019,2.5,null
147,"Burke (S)",null,"31950",37.4,207,null,null,37.7,37.6,null,354,2019,null,null
3040,"Lachlan (A)",null,"14600",38.6,3035,null,null,39.1,39.6,null,6075,2019,0.4,null
105331,"Lake Macquarie (C)",null,"14650",43.0,100570,null,null,41.8,40.5,null,205901,2019,317.4,null
20239,"Lane Cove (A)",null,"14700",37.4,19916,null,null,36.5,35.5,null,40155,2019,3831.8,null
5732,"Leeton (A)",null,"14750",38.4,5713,null,null,38.5,38.5,null,11445,2019,9.8,null
22246,"Lismore (C)",null,"14850",44.2,21446,null,null,43.5,42.8,null,43692,2019,33.9,null
10557,"Lithgow (C)",null,"14870",46.7,11048,null,null,45.5,44.4,null,21605,2019,4.8,null
950,"Carpentaria (S)",null,"32250",36.9,1027,null,null,37.4,38.4,null,1977,2019,null,null
114118,"Liverpool (C)",null,"14900",34.2,113467,null,null,33.7,33.2,null,227585,2019,744.4,null
3941,"Liverpool Plains (A)",null,"14920",46.0,3962,null,null,45.7,45.4,null,7903,2019,1.6,null
43460,"Maitland (C)",null,"15050",36.6,41706,null,null,35.7,34.7,null,85166,2019,217.5,null
47800,"Mid-Coast (A)",null,"15240",53.0,46036,null,null,52.6,52.0,null,93836,2019,9.3,null
12571,"Mid-Western Regional (A)",null,"15270",42.2,12680,null,null,41.6,41.0,null,25251,2019,2.9,null
6653,"Moree Plains (A)",null,"15300",37.2,6608,null,null,37.1,36.9,null,13261,2019,0.7,null
16604,"Mosman (A)",null,"15350",43.4,14377,null,null,42.3,41.1,null,30981,2019,3581.5,null
6102,"Murray River (A)",null,"15520",48.1,6016,null,null,48.4,48.8,null,12118,2019,1.0,null
1861,"Murrumbidgee (A)",null,"15560",41.3,2056,null,null,40.1,38.6,null,3917,2019,0.6,null
7940,"Muswellbrook (A)",null,"15650",36.8,8437,null,null,36.2,35.7,null,16377,2019,4.8,null
138,"Croydon (S)",null,"32600",38.0,146,null,null,39.4,42.3,null,284,2019,null,null
10105,"Nambucca (A)",null,"15700",51.7,9700,null,null,51.6,51.4,null,19805,2019,13.3,null
6544,"Narrabri (A)",null,"15750",39.0,6591,null,null,39.8,40.3,null,13135,2019,1.0,null
2931,"Narrandera (A)",null,"15800",44.5,2968,null,null,43.9,43.2,null,5899,2019,1.4,null
3279,"Narromine (A)",null,"15850",41.2,3238,null,null,40.7,40.3,null,6517,2019,1.2,null
83123,"Newcastle (C)",null,"15900",37.5,82448,null,null,36.3,35.2,null,165571,2019,886.6,null
6091,"Douglas (S)",null,"32810",43.3,6276,null,null,44.0,44.6,null,12367,2019,5.1,null
39033,"North Sydney (A)",null,"15950",37.9,35988,null,null,37.4,36.9,null,75021,2019,7154.6,null
138942,"Northern Beaches (A)",null,"15990",40.9,134557,null,null,40.0,39.1,null,273499,2019,1075.9,null
2600,"Oberon (A)",null,"16100",46.8,2811,null,null,45.4,43.8,null,5411,2019,1.5,null
21878,"Orange (C)",null,"16150",37.5,20573,null,null,36.6,35.5,null,42451,2019,149.4,null
7479,"Parkes (A)",null,"16200",41.0,7358,null,null,40.2,39.6,null,14837,2019,2.5,null
127090,"Parramatta (C)",null,"16260",35.4,130107,null,null,34.9,34.5,null,257197,2019,3068.1,null
107140,"Penrith (C)",null,"16350",34.9,105837,null,null,34.3,33.7,null,212977,2019,526.3,null
372,"Etheridge (S)",null,"33100",41.7,421,null,null,45.5,48.5,null,793,2019,null,null
43620,"Port Macquarie-Hastings (A)",null,"16380",49.2,40905,null,null,48.3,47.2,null,84525,2019,23.0,null
37039,"Port Stephens (A)",null,"16400",46.5,36442,null,null,45.6,44.6,null,73481,2019,85.6,null
30231,"Queanbeyan-Palerang Regional (A)",null,"16490",38.6,30869,null,null,38.2,37.8,null,61100,2019,11.5,null
78234,"Randwick (C)",null,"16550",34.5,77415,null,null,33.7,33.0,null,155649,2019,4284.2,null
11899,"Richmond Valley (A)",null,"16610",45.1,11566,null,null,45.0,44.9,null,23465,2019,7.7,null
66965,"Ryde (C)",null,"16700",36.0,64306,null,null,35.3,34.6,null,131271,2019,3243.3,null
37208,"Shellharbour (C)",null,"16900",39.7,36025,null,null,38.5,37.3,null,73233,2019,496.8,null
53181,"Shoalhaven (C)",null,"16950",48.6,52467,null,null,47.5,46.4,null,105648,2019,23.1,null
501,"Hope Vale (S)",null,"33830",26.9,616,null,null,26.7,26.6,null,1117,2019,1.0,null
11730,"Singleton (A)",null,"17000",37.4,11731,null,null,37.5,37.6,null,23461,2019,4.8,null
9981,"Snowy Monaro Regional (A)",null,"17040",45.0,10814,null,null,43.8,42.8,null,20795,2019,1.4,null
7180,"Snowy Valleys (A)",null,"17080",44.8,7299,null,null,44.7,44.6,null,14479,2019,1.6,null
117071,"Sutherland Shire (A)",null,"17150",40.9,113540,null,null,39.8,38.8,null,230611,2019,691.3,null
118590,"Sydney (C)",null,"17200",31.2,127753,null,null,32.0,32.8,null,246343,2019,9211.5,null
31837,"Tamworth Regional (A)",null,"17310",39.9,30704,null,null,38.7,37.4,null,62541,2019,6.3,null
3166,"Temora (A)",null,"17350",47.7,3141,null,null,46.2,44.2,null,6307,2019,2.3,null
3347,"Tenterfield (A)",null,"17400",53.6,3247,null,null,54.4,54.9,null,6594,2019,0.9,null
89684,"The Hills Shire (A)",null,"17420",38.3,88285,null,null,37.7,37.0,null,177969,2019,460.9,null
49926,"Tweed (A)",null,"17550",48.1,47075,null,null,46.9,45.5,null,97001,2019,74.2,null
1379,"Warren (A)",null,"17950",41.5,1318,null,null,41.9,42.4,null,2697,2019,0.3,null
7089,"Upper Hunter Shire (A)",null,"17620",41.2,7091,null,null,41.3,41.4,null,14180,2019,1.8,null
3977,"Upper Lachlan Shire (A)",null,"17640",47.1,4082,null,null,47.7,48.3,null,8059,2019,1.1,null
3105,"Uralla (A)",null,"17650",46.7,2907,null,null,46.8,47.0,null,6012,2019,1.9,null
33382,"Wagga Wagga (C)",null,"17750",35.8,31876,null,null,35.1,34.2,null,65258,2019,13.5,null
1538,"Walcha (A)",null,"17850",49.0,1596,null,null,48.7,48.5,null,3134,2019,0.5,null
2756,"Walgett (A)",null,"17900",41.5,3197,null,null,43.9,46.5,null,5953,2019,0.3,null
482,"Unincorporated NSW",null,"19399",39.6,544,null,null,39.8,40.1,null,1026,2019,null,null
4577,"Warrumbungle Shire (A)",null,"18020",48.9,4701,null,null,48.9,48.9,null,9278,2019,0.7,null
37771,"Waverley (A)",null,"18050",35.2,36524,null,null,35.2,35.3,null,74295,2019,7945.4,null
1784,"Weddin (A)",null,"18100",51.4,1829,null,null,51.7,52.1,null,3613,2019,1.1,null
3385,"Wentworth (A)",null,"18200",45.5,3668,null,null,45.2,44.8,null,7053,2019,0.3,null
41723,"Willoughby (C)",null,"18250",37.8,39466,null,null,37.1,36.4,null,81189,2019,3620.3,null
26607,"Wingecarribee (A)",null,"18350",48.2,24527,null,null,46.8,45.2,null,51134,2019,19.0,null
542,"Kowanyama (S)",null,"34420",29.4,448,null,null,27.9,26.0,null,990,2019,0.4,null
26475,"Wollondilly (A)",null,"18400",37.3,26674,null,null,36.6,35.9,null,53149,2019,20.8,null
109734,"Wollongong (C)",null,"18450",39.1,108380,null,null,37.8,36.5,null,218114,2019,318.9,null
31585,"Woollahra (A)",null,"18500",39.3,27802,null,null,38.8,38.4,null,59387,2019,4837.1,null
8647,"Yass Valley (A)",null,"18710",42.6,8440,null,null,42.6,42.6,null,17087,2019,4.3,null
6449,"Alpine (S)",null,"20110",48.6,6365,null,null,48.4,48.3,null,12814,2019,2.7,null
5499,"Ararat (RC)",null,"20260",47.6,6346,null,null,46.5,45.7,null,11845,2019,2.8,null
56410,"Ballarat (C)",null,"20570",39.0,53095,null,null,37.4,35.8,null,109505,2019,148.2,null
403,"Lockhart River (S)",null,"34570",27.4,397,null,null,26.7,26.5,null,800,2019,0.2,null
67166,"Banyule (C)",null,"20660",40.4,64465,null,null,39.2,37.9,null,131631,2019,2104.7,null
18529,"Bass Coast (S)",null,"20740",50.6,17791,null,null,49.7,48.8,null,36320,2019,41.9,null
27335,"Baw Baw (S)",null,"20830",41.7,26061,null,null,41.0,40.1,null,53396,2019,13.3,null
55777,"Bayside (C)",null,"20910",44.6,51085,null,null,43.8,42.7,null,106862,2019,2871.8,null
7180,"Benalla (RC)",null,"21010",50.7,6857,null,null,49.7,48.3,null,14037,2019,6.0,null
94588,"Boroondara (C)",null,"21110",39.3,88611,null,null,37.5,35.6,null,183199,2019,3044.3,null
347,"McKinlay (S)",null,"34800",36.0,471,null,null,39.7,41.2,null,818,2019,null,null
103130,"Brimbank (C)",null,"21180",36.9,106393,null,null,35.7,34.6,null,209523,2019,1697.9,null
2964,"Buloke (S)",null,"21270",51.0,3160,null,null,51.2,51.4,null,6124,2019,0.8,null
18903,"Campaspe (S)",null,"21370",46.0,18719,null,null,45.6,45.2,null,37622,2019,8.3,null
56575,"Cardinia (S)",null,"21450",34.2,55584,null,null,33.8,33.5,null,112159,2019,87.4,null
176093,"Casey (C)",null,"21610",34.1,177779,null,null,33.6,33.0,null,353872,2019,864.3,null
6656,"Central Goldfields (S)",null,"21670",51.2,6530,null,null,50.6,50.1,null,13186,2019,8.6,null
178,"Mapoon (S)",null,"34830",27.5,155,null,null,29.3,31.0,null,333,2019,0.6,null
10709,"Colac-Otway (S)",null,"21750",46.6,10855,null,null,45.1,43.3,null,21564,2019,6.3,null
7902,"Corangamite (S)",null,"21830",48.0,8118,null,null,46.8,45.7,null,16020,2019,3.6,null
84031,"Darebin (C)",null,"21890",36.4,80153,null,null,35.7,34.9,null,164184,2019,3070.5,null
23931,"East Gippsland (S)",null,"22110",50.7,23385,null,null,50.6,50.5,null,47316,2019,2.3,null
72568,"Frankston (C)",null,"22170",39.5,70075,null,null,38.5,37.6,null,142643,2019,1100.7,null
5185,"Gannawarra (S)",null,"22250",50.8,5287,null,null,50.2,49.6,null,10472,2019,2.8,null
9845,"Glenelg (S)",null,"22410",48.9,9829,null,null,48.4,47.9,null,19674,2019,3.2,null
641,"Mornington (S)",null,"35250",28.6,589,null,null,28.1,26.4,null,1230,2019,1.0,null
11629,"Golden Plains (S)",null,"22490",39.0,12093,null,null,39.1,39.2,null,23722,2019,8.8,null
60407,"Greater Bendigo (C)",null,"22620",39.4,57686,null,null,38.4,37.2,null,118093,2019,39.4,null
81639,"Greater Dandenong (C)",null,"22670",35.9,86562,null,null,34.9,34.0,null,168201,2019,1298.4,null
132019,"Greater Geelong (C)",null,"22750",40.3,126915,null,null,38.8,37.3,null,258934,2019,207.5,null
33146,"Greater Shepparton (C)",null,"22830",39.8,33352,null,null,38.8,37.7,null,66498,2019,27.5,null
8179,"Hepburn (S)",null,"22910",50.5,7796,null,null,50.5,50.4,null,15975,2019,10.8,null
505,"Napranum (S)",null,"35670",25.3,572,null,null,25.1,24.8,null,1077,2019,0.5,null
2783,"Hindmarsh (S)",null,"22980",50.8,2805,null,null,50.3,49.8,null,5588,2019,0.7,null
49354,"Hobsons Bay (C)",null,"23110",39.6,48397,null,null,38.4,37.3,null,97751,2019,1521.6,null
10148,"Horsham (RC)",null,"23190",42.8,9773,null,null,41.1,39.2,null,19921,2019,4.7,null
116441,"Hume (C)",null,"23270",33.7,117030,null,null,33.1,32.4,null,233471,2019,463.4,null
8401,"Indigo (S)",null,"23350",47.0,8300,null,null,46.7,46.4,null,16701,2019,8.2,null
84431,"Kingston (C) (Vic.)",null,"23430",41.0,81351,null,null,39.7,38.3,null,165782,2019,1814.4,null
1616,"Northern Peninsula Area (R)",null,"35780",24.3,1547,null,null,23.4,22.3,null,3163,2019,3.0,null
83609,"Knox (C)",null,"23670",40.1,80929,null,null,38.8,37.5,null,164538,2019,1444.4,null
38295,"Latrobe (C) (Vic.)",null,"23810",41.5,37266,null,null,40.5,39.4,null,75561,2019,53.0,null
3614,"Loddon (S)",null,"23940",52.6,3890,null,null,52.7,52.8,null,7504,2019,1.1,null
25127,"Macedon Ranges (S)",null,"24130",42.5,25104,null,null,41.9,41.2,null,50231,2019,28.7,null
65397,"Manningham (C)",null,"24210",43.5,62176,null,null,41.8,40.0,null,127573,2019,1125.5,null
4547,"Mansfield (S)",null,"24250",47.7,4629,null,null,47.7,47.8,null,9176,2019,2.4,null
45852,"Maribyrnong (C)",null,"24330",34.7,47596,null,null,34.0,33.5,null,93448,2019,2992.7,null
1330,"Palm Island (S)",null,"35790",27.0,1341,null,null,26.2,25.5,null,2671,2019,37.1,null
60629,"Maroondah (C)",null,"24410",39.6,57929,null,null,38.2,36.8,null,118558,2019,1930.6,null
90743,"Melbourne (C)",null,"24600",28.2,88212,null,null,28.5,28.9,null,178955,2019,4791.1,null
82406,"Melton (C)",null,"24650",33.2,82489,null,null,32.8,32.4,null,164895,2019,312.6,null
28062,"Mildura (RC)",null,"24780",39.9,27715,null,null,38.9,37.9,null,55777,2019,2.5,null
22863,"Mitchell (S)",null,"24850",37.2,23219,null,null,36.6,35.9,null,46082,2019,16.1,null
14943,"Moira (S)",null,"24900",47.9,14982,null,null,47.2,46.5,null,29925,2019,7.4,null
420,"Pormpuraaw (S)",null,"36070",29.0,425,null,null,30.1,31.5,null,845,2019,0.2,null
101850,"Monash (C)",null,"24970",36.8,100997,null,null,35.1,33.4,null,202847,2019,2489.4,null
66852,"Moonee Valley (C)",null,"25060",38.8,63442,null,null,37.7,36.7,null,130294,2019,3020.4,null
17641,"Moorabool (S)",null,"25150",40.2,17408,null,null,39.6,38.8,null,35049,2019,16.6,null
94007,"Moreland (C)",null,"25250",35.2,91760,null,null,34.6,33.9,null,185767,2019,3645.9,null
16868,"Western Downs (R)",null,"37310",37.9,17717,null,null,37.7,37.5,null,34585,2019,0.9,null
86140,"Mornington Peninsula (S)",null,"25340",47.5,81496,null,null,46.3,44.9,null,167636,2019,231.5,null
9851,"Mount Alexander (S)",null,"25430",50.9,9903,null,null,49.7,48.4,null,19754,2019,12.9,null
8431,"Moyne (S)",null,"25490",43.9,8522,null,null,43.5,43.3,null,16953,2019,3.1,null
7128,"Murrindindi (S)",null,"25620",47.9,7442,null,null,48.1,48.3,null,14570,2019,3.8,null
32765,"Nillumbik (S)",null,"25710",41.7,32329,null,null,41.0,40.0,null,65094,2019,150.6,null
5801,"Northern Grampians (S)",null,"25810",49.9,5601,null,null,48.9,48.0,null,11402,2019,2.0,null
372,"Quilpie (S)",null,"36150",39.3,406,null,null,39.4,40.0,null,778,2019,null,null
58795,"Port Phillip (C)",null,"25900",36.3,56806,null,null,36.3,36.4,null,115601,2019,5582.1,null
3433,"Pyrenees (S)",null,"25990",49.9,4039,null,null,50.7,51.3,null,7472,2019,2.2,null
1517,"Queenscliffe (B)",null,"26080",62.7,1423,null,null,61.2,58.4,null,2940,2019,341.2,null
15128,"South Gippsland (S)",null,"26170",47.9,14786,null,null,47.4,46.8,null,29914,2019,9.1,null
8213,"Southern Grampians (S)",null,"26260",48.2,7887,null,null,46.6,44.7,null,16100,2019,2.4,null
61166,"Stonnington (C)",null,"26350",34.9,56602,null,null,34.6,34.3,null,117768,2019,4591.1,null
413,"Richmond (S)",null,"36300",37.9,397,null,null,36.9,36.4,null,810,2019,null,null
5370,"Strathbogie (S)",null,"26430",51.8,5411,null,null,52.0,52.1,null,10781,2019,3.3,null
16718,"Surf Coast (S)",null,"26490",42.4,16738,null,null,41.7,40.9,null,33456,2019,21.5,null
10106,"Swan Hill (RC)",null,"26610",40.7,10543,null,null,39.9,39.1,null,20649,2019,3.4,null
2880,"Towong (S)",null,"26670",51.0,3160,null,null,51.1,51.2,null,6040,2019,0.9,null
14940,"Wangaratta (RC)",null,"26700",45.8,14247,null,null,45.0,44.1,null,29187,2019,8.0,null
17993,"Warrnambool (C)",null,"26730",42.2,17188,null,null,39.9,37.2,null,35181,2019,290.9,null
2493,"Torres Strait Island (R)",null,"36960",26.5,2611,null,null,26.2,25.8,null,5104,2019,10.4,null
21554,"Wellington (S)",null,"26810",45.0,22826,null,null,43.4,42.0,null,44380,2019,4.1,null
1876,"West Wimmera (S)",null,"26890",48.3,1965,null,null,48.8,49.4,null,3841,2019,0.4,null
90951,"Whitehorse (C)",null,"26980",38.5,87788,null,null,36.7,34.9,null,178739,2019,2780.6,null
115385,"Whittlesea (C)",null,"27070",34.9,114853,null,null,34.3,33.7,null,230238,2019,470.2,null
21426,"Wodonga (C)",null,"27170",37.3,20657,null,null,35.9,34.3,null,42083,2019,97.3,null
133752,"Wyndham (C)",null,"27260",32.6,136735,null,null,32.5,32.3,null,270487,2019,499.0,null
51349,"Yarra (C)",null,"27350",33.5,50146,null,null,33.7,33.9,null,101495,2019,5193.6,null
80276,"Yarra Ranges (S)",null,"27450",40.3,79186,null,null,39.4,38.5,null,159462,2019,64.6,null
3206,"Yarriambiack (S)",null,"27630",51.4,3433,null,null,50.9,50.2,null,6639,2019,0.9,null
381,"Unincorporated Vic",null,"29399",32.9,500,null,null,34.2,35.2,null,881,2019,3.1,null
2105,"Balonne (S)",null,"30300",38.0,2255,null,null,38.6,39.5,null,4360,2019,0.1,null
1471,"Yarrabah (S)",null,"37600",23.3,1430,null,null,22.8,22.2,null,2901,2019,18.3,null
6868,"Banana (S)",null,"30370",37.8,7288,null,null,38.1,38.5,null,14156,2019,0.5,null
1375,"Barcaldine (R)",null,"30410",42.9,1474,null,null,42.1,41.7,null,2849,2019,0.1,null
948,"Blackall-Tambo (R)",null,"30760",44.9,920,null,null,45.3,46.1,null,1868,2019,0.1,null
180,"Boulia (S)",null,"30900",34.0,243,null,null,35.9,42.4,null,423,2019,null,null
48541,"Bundaberg (R)",null,"31820",46.4,47315,null,null,45.6,44.8,null,95856,2019,14.9,null
149,"Bulloo (S)",null,"31750",38.2,176,null,null,44.3,47.5,null,325,2019,null,null
8330,"Burdekin (S)",null,"31900",46.3,8641,null,null,45.4,44.7,null,16971,2019,3.4,null
84575,"Cairns (R)",null,"32080",38.2,82287,null,null,37.7,37.2,null,166862,2019,98.8,null
14513,"Cassowary Coast (R)",null,"32260",44.4,15281,null,null,44.5,44.6,null,29794,2019,6.4,null
13619,"Central Highlands (R) (Qld)",null,"32270",33.4,15082,null,null,34.1,34.8,null,28701,2019,0.5,null
5913,"Charters Towers (R)",null,"32310",41.9,5826,null,null,41.1,40.0,null,11739,2019,0.2,null
1297,"Cloncurry (S)",null,"32450",34.7,1750,null,null,36.4,37.5,null,3047,2019,0.1,null
2138,"Cook (S)",null,"32500",38.5,2411,null,null,41.0,43.2,null,4549,2019,null,null
632,"Cherbourg (S)",null,"32330",23.2,699,null,null,21.5,19.6,null,1331,2019,42.1,null
723,"Flinders (S) (Qld)",null,"33200",43.2,782,null,null,42.4,40.7,null,1505,2019,null,null
134,"Diamantina (S)",null,"32750",36.0,157,null,null,34.5,32.1,null,291,2019,null,null
738,"Doomadgee (S)",null,"32770",23.7,788,null,null,20.5,17.6,null,1526,2019,0.8,null
54166,"Fraser Coast (R)",null,"33220",49.9,52546,null,null,49.3,48.7,null,106712,2019,15.0,null
31094,"Gladstone (R)",null,"33360",36.1,32318,null,null,36.4,36.8,null,63412,2019,6.0,null
14164,"Alexandrina (DC)",null,"40220",52.0,13263,null,null,51.7,51.4,null,27427,2019,15.0,null
318742,"Gold Coast (C)",null,"33430",39.0,301776,null,null,38.3,37.4,null,620518,2019,465.3,null
5404,"Goondiwindi (R)",null,"33610",38.1,5395,null,null,38.9,39.8,null,10799,2019,0.6,null
26161,"Gympie (R)",null,"33620",47.2,26285,null,null,47.0,46.8,null,52446,2019,7.6,null
12694,"Barossa (DC)",null,"40310",44.8,12327,null,null,43.6,42.2,null,25021,2019,28.0,null
5245,"Hinchinbrook (S)",null,"33800",52.2,5442,null,null,51.4,50.6,null,10687,2019,3.8,null
112051,"Ipswich (C)",null,"33960",33.2,110256,null,null,32.8,32.3,null,222307,2019,203.2,null
9543,"Isaac (R)",null,"33980",31.7,11343,null,null,33.5,35.0,null,20886,2019,0.4,null
18609,"Livingstone (S)",null,"34530",43.8,19469,null,null,42.9,42.1,null,38078,2019,3.2,null
20764,"Lockyer Valley (R)",null,"34580",38.5,20967,null,null,38.1,37.7,null,41731,2019,18.4,null
168542,"Logan (C)",null,"34590",34.7,165816,null,null,34.1,33.4,null,334358,2019,349.0,null
1795,"Longreach (R)",null,"34710",40.7,1675,null,null,40.2,39.7,null,3470,2019,0.1,null
57798,"Mackay (R)",null,"34770",37.9,58965,null,null,37.9,37.9,null,116763,2019,15.3,null
6196,"Maranoa (R)",null,"34860",37.7,6469,null,null,36.9,36.3,null,12665,2019,0.2,null
10841,"Mareeba (S)",null,"34880",43.8,11889,null,null,43.1,42.5,null,22730,2019,0.4,null
1263,"Barunga West (DC)",null,"40430",56.2,1300,null,null,55.5,55.0,null,2563,2019,1.6,null
238222,"Moreton Bay (R)",null,"35010",38.9,231243,null,null,38.0,37.0,null,469465,2019,230.0,null
8969,"Mount Isa (C)",null,"35300",31.4,9626,null,null,31.5,31.7,null,18595,2019,0.4,null
2193,"Murweh (S)",null,"35600",38.1,2102,null,null,38.0,37.9,null,4295,2019,0.1,null
28774,"Noosa (S)",null,"35740",49.6,27099,null,null,49.0,48.3,null,55873,2019,64.2,null
5125,"North Burnett (R)",null,"35760",46.3,5474,null,null,46.7,47.1,null,10599,2019,0.5,null
786,"Paroo (S)",null,"35800",38.8,776,null,null,43.0,46.9,null,1562,2019,null,null
80788,"Redland (C)",null,"36250",42.7,78027,null,null,41.4,40.1,null,158815,2019,295.7,null
41431,"Rockhampton (R)",null,"36370",36.5,40081,null,null,35.8,35.2,null,81512,2019,12.4,null
21706,"Scenic Rim (R)",null,"36510",45.0,21417,null,null,44.7,44.5,null,43123,2019,10.2,null
12953,"Somerset (R)",null,"36580",42.9,13266,null,null,43.0,43.1,null,26219,2019,4.9,null
23993,"Burnside (C)",null,"40700",44.6,21823,null,null,43.6,42.4,null,45816,2019,1664.9,null
16211,"South Burnett (R)",null,"36630",46.5,16310,null,null,46.0,45.5,null,32521,2019,3.9,null
17927,"Southern Downs (R)",null,"36660",47.2,17525,null,null,46.0,44.8,null,35452,2019,5.0,null
169690,"Sunshine Coast (R)",null,"36720",43.8,158738,null,null,42.7,41.5,null,328428,2019,145.7,null
13084,"Tablelands (R)",null,"36820",47.9,12491,null,null,47.8,47.6,null,25575,2019,2.3,null
86531,"Toowoomba (R)",null,"36910",39.6,82477,null,null,38.1,36.7,null,169008,2019,13.0,null
1962,"Torres (S)",null,"36950",30.6,1925,null,null,29.8,29.3,null,3887,2019,4.4,null
97273,"Townsville (C)",null,"37010",35.6,97759,null,null,34.6,33.5,null,195032,2019,52.3,null
2005,"Weipa (T)",null,"37300",32.7,2328,null,null,33.2,33.5,null,4333,2019,400.4,null
17057,"Whitsunday (R)",null,"37340",38.7,18300,null,null,38.7,38.8,null,35357,2019,1.5,null
564,"Winton (S)",null,"37400",40.5,589,null,null,45.9,49.1,null,1153,2019,null,null
20090,"Adelaide Hills (DC)",null,"40120",44.5,19887,null,null,44.2,43.9,null,39977,2019,50.3,null
530,"Woorabinda (S)",null,"37550",24.7,486,null,null,24.6,24.4,null,1016,2019,2.6,null
4376,"Adelaide Plains (DC)",null,"40150",42.9,4761,null,null,42.6,42.4,null,9137,2019,9.8,null
156,"Wujal Wujal (S)",null,"37570",31.9,156,null,null,31.9,31.8,null,312,2019,26.3,null
12434,"Adelaide (C)",null,"40070",29.8,13022,null,null,30.9,31.9,null,25456,2019,1634.6,null
1355,"Anangu Pitjantjatjara (AC)",null,"40250",28.9,1218,null,null,28.8,28.8,null,2573,2019,null,null
5395,"Berri and Barmera (DC)",null,"40520",45.8,5447,null,null,45.1,44.4,null,10842,2019,22.8,null
26537,"Campbelltown (C) (SA)",null,"40910",43.1,25655,null,null,40.8,38.6,null,52192,2019,2143.5,null
858,"Cleve (DC)",null,"41190",43.1,934,null,null,43.3,44.1,null,1792,2019,0.4,null
1736,"Ceduna (DC)",null,"41010",38.3,1706,null,null,38.6,39.5,null,3442,2019,0.6,null
60514,"Charles Sturt (C)",null,"41060",42.1,58429,null,null,40.6,39.3,null,118943,2019,2171.0,null
7482,"Copper Coast (DC)",null,"41560",51.6,7528,null,null,50.5,49.5,null,15010,2019,19.4,null
4730,"Clare and Gilbert Valleys (DC)",null,"41140",46.9,4694,null,null,46.9,46.8,null,9424,2019,5.0,null
879,"Coober Pedy (DC)",null,"41330",37.7,955,null,null,43.1,49.5,null,1834,2019,23.6,null
479,"Elliston (DC)",null,"41750",46.3,529,null,null,47.1,47.9,null,1008,2019,0.1,null
845,"Flinders Ranges (DC)",null,"41830",47.5,847,null,null,48.9,51.0,null,1692,2019,0.4,null
630,"Franklin Harbour (DC)",null,"41960",51.7,674,null,null,50.4,48.6,null,1304,2019,0.5,null
12554,"Gawler (T)",null,"42030",42.2,11862,null,null,40.3,38.5,null,24416,2019,593.5,null
2084,"Goyder (DC)",null,"42110",49.4,2106,null,null,49.6,49.8,null,4190,2019,0.6,null
3893,"Grant (DC)",null,"42250",44.2,4691,null,null,44.7,45.0,null,8584,2019,4.5,null
19504,"Holdfast Bay (C)",null,"42600",48.0,17931,null,null,46.5,45.0,null,37435,2019,2722.1,null
2427,"Kangaroo Island (DC)",null,"42750",48.3,2556,null,null,48.7,49.3,null,4983,2019,1.1,null
539,"Karoonda East Murray (DC)",null,"43080",49.7,568,null,null,48.2,46.0,null,1107,2019,0.3,null
531,"Kimba (DC)",null,"43220",38.3,534,null,null,37.9,37.8,null,1065,2019,0.2,null
1140,"Kingston (DC) (SA)",null,"43360",52.7,1231,null,null,50.9,49.7,null,2371,2019,0.7,null
7548,"Light (RegC)",null,"43650",39.9,7811,null,null,39.8,39.6,null,15359,2019,12.0,null
2739,"Lower Eyre Peninsula (DC)",null,"43710",43.0,3041,null,null,43.5,43.9,null,5780,2019,1.2,null
5862,"Loxton Waikerie (DC)",null,"43790",46.8,5881,null,null,46.5,46.1,null,11743,2019,1.5,null
48378,"Marion (C)",null,"44060",39.7,45070,null,null,38.6,37.5,null,93448,2019,1679.5,null
4222,"Mid Murray (DC)",null,"44210",52.3,4872,null,null,51.8,51.4,null,9094,2019,1.5,null
32,"Maralinga Tjarutja (AC)",null,"44000",27.8,32,null,null,38.6,46.0,null,64,2019,null,null
34635,"Mitcham (C)",null,"44340",42.5,32839,null,null,41.5,40.4,null,67474,2019,893.1,null
18699,"Mount Barker (DC)",null,"44550",39.8,17872,null,null,38.8,37.8,null,36571,2019,61.5,null
14135,"Mount Gambier (C)",null,"44620",40.3,13140,null,null,39.2,38.0,null,27275,2019,804.7,null
1430,"Mount Remarkable (DC)",null,"44830",52.0,1479,null,null,52.6,53.2,null,2909,2019,0.8,null
11179,"Murray Bridge (RC)",null,"45040",40.9,11316,null,null,39.6,38.5,null,22495,2019,12.3,null
2242,"Northern Areas (DC)",null,"45120",48.5,2377,null,null,47.5,46.1,null,4619,2019,1.5,null
19159,"Norwood Payneham St Peters (C)",null,"45290",42.6,17897,null,null,40.4,38.3,null,37056,2019,2453.5,null
4148,"Naracoorte and Lucindale (DC)",null,"45090",41.8,4407,null,null,40.6,39.7,null,8555,2019,1.9,null
87991,"Onkaparinga (C)",null,"45340",41.1,84947,null,null,40.0,38.8,null,172938,2019,333.8,null
456,"Orroroo/Carrieton (DC)",null,"45400",51.3,394,null,null,52.3,53.1,null,850,2019,0.3,null
47725,"Playford (C)",null,"45680",33.1,47123,null,null,32.8,32.5,null,94848,2019,274.8,null
64162,"Port Adelaide Enfield (C)",null,"45890",38.6,63578,null,null,37.4,36.4,null,127740,2019,1392.1,null
853,"Peterborough (DC)",null,"45540",55.6,834,null,null,54.8,53.9,null,1687,2019,0.6,null
6845,"Port Augusta (C)",null,"46090",40.3,7017,null,null,39.2,38.3,null,13862,2019,11.6,null
7475,"Port Lincoln (C)",null,"46300",42.0,7243,null,null,40.0,37.8,null,14718,2019,484.7,null
8986,"Port Pirie City and Dists (M)",null,"46450",44.7,8648,null,null,43.6,42.6,null,17634,2019,10.0,null
10731,"Prospect (C)",null,"46510",38.7,10789,null,null,37.0,35.6,null,21520,2019,2762.0,null
4945,"Renmark Paringa (DC)",null,"46670",43.6,4962,null,null,43.1,42.6,null,9907,2019,10.8,null
722,"Robe (DC)",null,"46860",51.9,728,null,null,50.7,49.5,null,1450,2019,1.3,null
71556,"Salisbury (C)",null,"47140",36.8,72004,null,null,36.0,35.2,null,143560,2019,898.1,null
1718,"Roxby Downs (M)",null,"46970",30.1,2236,null,null,32.3,33.6,null,3954,2019,35.8,null
1010,"Southern Mallee (DC)",null,"47290",45.0,1070,null,null,45.2,45.3,null,2080,2019,0.4,null
1062,"Streaky Bay (DC)",null,"47490",40.3,1130,null,null,43.7,46.9,null,2192,2019,0.4,null
3254,"Tatiara (DC)",null,"47630",41.8,3562,null,null,42.1,42.6,null,6816,2019,1.0,null
51002,"Tea Tree Gully (C)",null,"47700",42.1,49259,null,null,40.9,39.7,null,100261,2019,1053.0,null
2660,"The Coorong (DC)",null,"47800",46.4,2769,null,null,46.4,46.4,null,5429,2019,0.6,null
8148,"Victor Harbor (C)",null,"48050",59.3,7317,null,null,58.3,57.0,null,15465,2019,40.2,null
1371,"Tumby Bay (DC)",null,"47910",50.4,1331,null,null,50.8,51.3,null,2702,2019,1.0,null
3333,"Wakefield (DC)",null,"48130",44.2,3505,null,null,44.1,43.9,null,6838,2019,2.0,null
5919,"Wattle Range (DC)",null,"48340",47.6,6122,null,null,46.6,45.8,null,12041,2019,3.1,null
20705,"Unley (C)",null,"47980",41.9,18503,null,null,40.7,39.4,null,39208,2019,2747.5,null
4121,"Walkerville (M)",null,"48260",43.0,3879,null,null,43.2,43.6,null,8000,2019,2266.3,null
30912,"West Torrens (C)",null,"48410",38.7,29930,null,null,37.6,36.5,null,60842,2019,1642.6,null
10891,"Whyalla (C)",null,"48540",41.0,10774,null,null,40.7,40.5,null,21665,2019,20.2,null
2837,"Yankalilla (DC)",null,"48750",54.1,2735,null,null,54.7,55.2,null,5572,2019,7.4,null
636,"Wudinna (DC)",null,"48640",39.2,664,null,null,41.1,43.4,null,1300,2019,0.3,null
5479,"Yorke Peninsula (DC)",null,"48830",56.3,5845,null,null,56.4,56.4,null,11324,2019,1.9,null
1396,"Unincorporated SA",null,"49399",41.6,2118,null,null,43.9,44.9,null,3514,2019,null,null
19304,"Albany (C)",null,"50080",44.9,18749,null,null,43.2,41.1,null,38053,2019,8.8,null
45463,"Armadale (C)",null,"50210",34.1,45334,null,null,33.8,33.6,null,90797,2019,162.3,null
3878,"Ashburton (S)",null,"50250",34.0,9427,null,null,38.2,39.9,null,13305,2019,0.1,null
8238,"Augusta-Margaret River (S)",null,"50280",40.1,7934,null,null,40.2,40.3,null,16172,2019,7.6,null
8001,"Bassendean (T)",null,"50350",40.3,7822,null,null,39.2,38.3,null,15823,2019,1529.5,null
34171,"Bayswater (C)",null,"50420",39.0,34191,null,null,38.3,37.5,null,68362,2019,1974.8,null
20511,"Belmont (C)",null,"50490",36.1,21567,null,null,35.4,34.8,null,42078,2019,1056.6,null
873,"Beverley (S)",null,"50560",53.1,885,null,null,53.2,53.3,null,1758,2019,0.7,null
863,"Boddington (S)",null,"50630",42.5,938,null,null,42.2,41.9,null,1801,2019,0.9,null
896,"Boyup Brook (S)",null,"50770",47.2,867,null,null,49.5,51.8,null,1763,2019,0.6,null
2443,"Bridgetown-Greenbushes (S)",null,"50840",50.5,2297,null,null,50.3,50.0,null,4740,2019,3.5,null
463,"Brookton (S)",null,"50910",46.2,489,null,null,46.3,46.4,null,952,2019,0.6,null
8745,"Broome (S)",null,"50980",33.5,8162,null,null,33.6,33.8,null,16907,2019,0.3,null
581,"Broomehill-Tambellup (S)",null,"51080",39.4,527,null,null,40.1,41.7,null,1108,2019,0.4,null
452,"Bruce Rock (S)",null,"51120",43.6,488,null,null,43.4,43.1,null,940,2019,0.3,null
16263,"Bunbury (C)",null,"51190",43.8,15381,null,null,42.1,40.6,null,31644,2019,483.7,null
20446,"Busselton (C)",null,"51260",43.4,19177,null,null,42.6,41.7,null,39623,2019,27.3,null
14722,"Cambridge (T)",null,"51310",41.3,14145,null,null,40.1,38.7,null,28867,2019,1314.8,null
46246,"Canning (C)",null,"51330",36.8,46642,null,null,35.4,33.8,null,92888,2019,1431.7,null
9365,"Capel (S)",null,"51400",37.2,8796,null,null,36.9,36.6,null,18161,2019,32.6,null
272,"Carnamah (S)",null,"51470",46.0,262,null,null,45.8,45.4,null,534,2019,0.2,null
2511,"Carnarvon (S)",null,"51540",39.5,2671,null,null,40.5,41.9,null,5182,2019,0.1,null
774,"Chapman Valley (S)",null,"51610",41.3,739,null,null,42.8,44.4,null,1513,2019,0.4,null
2934,"Chittering (S)",null,"51680",44.3,2964,null,null,44.3,44.3,null,5898,2019,4.8,null
57636,"Cockburn (C)",null,"51820",36.6,56684,null,null,36.2,35.8,null,114320,2019,680.9,null
5496,"Claremont (T)",null,"51750",46.1,5216,null,null,42.6,37.5,null,10712,2019,2161.6,null
4335,"Collie (S)",null,"51890",42.7,4337,null,null,42.0,41.6,null,8672,2019,5.1,null
453,"Coorow (S)",null,"52030",55.3,527,null,null,55.0,54.4,null,980,2019,0.2,null
1611,"Coolgardie (S)",null,"51960",34.7,1793,null,null,35.6,36.4,null,3404,2019,0.1,null
542,"Corrigin (S)",null,"52100",47.4,591,null,null,47.0,46.5,null,1133,2019,0.4,null
506,"Cranbrook (S)",null,"52240",43.6,551,null,null,47.5,49.7,null,1057,2019,0.3,null
7454,"Dardanup (S)",null,"52660",37.6,6995,null,null,37.1,36.7,null,14449,2019,27.5,null
388,"Cuballing (S)",null,"52310",46.7,462,null,null,47.2,47.5,null,850,2019,0.7,null
4172,"Cottesloe (T)",null,"52170",42.1,4079,null,null,41.9,41.6,null,8251,2019,2139.6,null
54,"Cue (S)",null,"52380",48.5,89,null,null,45.0,41.5,null,143,2019,null,null
661,"Cunderdin (S)",null,"52450",40.3,761,null,null,38.4,36.5,null,1422,2019,0.8,null
616,"Dalwallinu (S)",null,"52520",37.8,785,null,null,39.0,39.5,null,1401,2019,0.2,null
1512,"Dandaragan (S)",null,"52590",49.2,1754,null,null,49.2,49.2,null,3266,2019,0.5,null
3127,"Denmark (S)",null,"52730",49.6,3088,null,null,49.7,49.8,null,6215,2019,3.3,null
4094,"Derby-West Kimberley (S)",null,"52800",30.8,4108,null,null,31.1,31.4,null,8202,2019,0.1,null
3133,"Donnybrook-Balingup (S)",null,"52870",46.8,2962,null,null,47.1,47.3,null,6095,2019,3.9,null
310,"Dowerin (S)",null,"52940",42.3,361,null,null,42.6,43.1,null,671,2019,0.4,null
325,"Dumbleyung (S)",null,"53010",43.2,340,null,null,43.8,44.8,null,665,2019,0.3,null
312,"Dundas (S)",null,"53080",47.1,402,null,null,50.3,52.3,null,714,2019,null,null
3723,"East Pilbara (S)",null,"53220",32.6,7205,null,null,36.0,37.6,null,10928,2019,null,null
7155,"Esperance (S)",null,"53290",40.4,7070,null,null,40.1,39.8,null,14225,2019,0.3,null
1381,"Exmouth (S)",null,"53360",39.1,1490,null,null,39.4,39.8,null,2871,2019,0.4,null
4114,"East Fremantle (T)",null,"53150",43.0,3723,null,null,43.2,43.4,null,7837,2019,2497.1,null
15963,"Fremantle (C)",null,"53430",42.7,15121,null,null,42.0,41.3,null,31084,2019,1635.1,null
2556,"Gingin (S)",null,"53570",48.2,2717,null,null,48.9,50.0,null,5273,2019,1.6,null
571,"Gnowangerup (S)",null,"53640",42.1,629,null,null,44.2,45.5,null,1200,2019,0.3,null
508,"Goomalling (S)",null,"53710",46.9,494,null,null,47.4,47.9,null,1002,2019,0.5,null
61056,"Gosnells (C)",null,"53780",35.9,63025,null,null,35.3,34.8,null,124081,2019,974.7,null
14217,"Harvey (S)",null,"53990",39.6,13758,null,null,38.6,37.5,null,27975,2019,16.2,null
19540,"Greater Geraldton (C)",null,"53800",39.1,18748,null,null,38.7,38.2,null,38288,2019,3.9,null
1756,"Halls Creek (S)",null,"53920",31.0,1698,null,null,28.9,26.8,null,3454,2019,null,null
1833,"Irwin (S)",null,"54060",50.8,1734,null,null,50.6,50.2,null,3567,2019,1.5,null
527,"Jerramungup (S)",null,"54130",38.3,600,null,null,39.8,40.8,null,1127,2019,0.2,null
80450,"Joondalup (C)",null,"54170",41.5,79356,null,null,40.5,39.3,null,159806,2019,1615.4,null
29643,"Kalamunda (C)",null,"54200",40.3,29311,null,null,39.5,38.7,null,58954,2019,181.8,null
14358,"Kalgoorlie/Boulder (C)",null,"54280",33.3,15111,null,null,33.9,34.5,null,29469,2019,0.3,null
10235,"Karratha (C)",null,"54310",31.7,12481,null,null,32.7,33.4,null,22716,2019,1.5,null
601,"Kellerberrin (S)",null,"54410",48.9,594,null,null,46.5,44.0,null,1195,2019,0.6,null
929,"Kojonup (S)",null,"54550",46.3,1010,null,null,46.1,45.8,null,1939,2019,0.7,null
1985,"Katanning (S)",null,"54340",41.6,2057,null,null,40.3,39.2,null,4042,2019,2.7,null
201,"Koorda (S)",null,"54690",45.5,205,null,null,45.4,45.0,null,406,2019,0.1,null
238,"Kent (S)",null,"54480",39.4,321,null,null,40.6,42.8,null,559,2019,0.1,null
366,"Kondinin (S)",null,"54620",44.7,491,null,null,45.1,45.6,null,857,2019,0.1,null
368,"Kulin (S)",null,"54760",40.4,393,null,null,43.8,47.7,null,761,2019,0.2,null
21801,"Kwinana (C)",null,"54830",32.9,23291,null,null,33.0,33.2,null,45092,2019,375.7,null
631,"Lake Grace (S)",null,"54900",38.4,632,null,null,42.0,43.3,null,1263,2019,0.1,null
44274,"Mandurah (C)",null,"55110",44.8,42200,null,null,43.7,42.6,null,86474,2019,494.4,null
409,"Laverton (S)",null,"54970",36.0,788,null,null,39.1,40.7,null,1197,2019,null,null
4558,"Manjimup (S)",null,"55180",45.4,4553,null,null,45.5,45.5,null,9111,2019,1.3,null
414,"Meekatharra (S)",null,"55250",35.1,569,null,null,35.4,35.7,null,983,2019,null,null
582,"Leonora (S)",null,"55040",34.8,944,null,null,37.0,37.8,null,1526,2019,null,null
52815,"Melville (C)",null,"55320",43.1,49492,null,null,41.5,39.7,null,102307,2019,1935.8,null
1615,"Merredin (S)",null,"55460",39.3,1750,null,null,38.1,37.4,null,3365,2019,1.0,null
2575,"Plantagenet (S)",null,"57210",47.4,2688,null,null,46.7,45.7,null,5263,2019,1.1,null
203,"Menzies (S)",null,"55390",36.2,317,null,null,36.9,37.1,null,520,2019,null,null
187,"Mingenew (S)",null,"55530",42.5,240,null,null,44.2,45.0,null,427,2019,0.2,null
243,"Mount Marshall (S)",null,"55880",38.9,276,null,null,38.7,38.5,null,519,2019,0.1,null
7160,"Port Hedland (T)",null,"57280",31.4,7984,null,null,32.7,33.8,null,15144,2019,0.8,null
1162,"Moora (S)",null,"55600",41.6,1212,null,null,42.4,43.0,null,2374,2019,0.6,null
18754,"Mundaring (S)",null,"56090",44.2,20346,null,null,42.8,41.6,null,39100,2019,60.8,null
8982,"Murray (S)",null,"56230",43.8,8929,null,null,44.0,44.2,null,17911,2019,10.5,null
302,"Morawa (S)",null,"55670",42.5,372,null,null,42.0,40.5,null,674,2019,0.2,null
708,"Nannup (S)",null,"56300",52.7,678,null,null,53.5,54.5,null,1386,2019,0.5,null
11474,"Nedlands (C)",null,"56580",43.0,11125,null,null,41.1,38.4,null,22599,2019,1150.4,null
4885,"Mosman Park (T)",null,"55740",40.2,4226,null,null,41.2,42.4,null,9111,2019,2095.8,null
204,"Mount Magnet (S)",null,"55810",40.8,250,null,null,45.2,48.5,null,454,2019,null,null
907,"Ngaanyatjarraku (S)",null,"56620",32.5,843,null,null,30.9,28.4,null,1750,2019,null,null
5458,"Northam (S)",null,"56730",44.0,5591,null,null,42.5,40.7,null,11049,2019,7.7,null
251,"Mukinbudin (S)",null,"55950",44.6,282,null,null,44.1,42.8,null,533,2019,0.2,null
1441,"Northampton (S)",null,"56790",48.2,1503,null,null,49.9,51.8,null,2944,2019,0.2,null
76,"Murchison (S)",null,"56160",43.5,86,null,null,44.3,45.0,null,162,2019,null,null
519,"Quairading (S)",null,"57350",50.7,480,null,null,50.7,50.6,null,999,2019,0.5,null
412,"Narembeen (S)",null,"56370",43.2,433,null,null,44.5,44.8,null,845,2019,0.2,null
735,"Ravensthorpe (S)",null,"57420",47.9,823,null,null,49.3,51.1,null,1558,2019,0.2,null
2568,"Narrogin (S)",null,"56460",41.7,2416,null,null,41.4,40.9,null,4984,2019,3.1,null
13692,"Perth (C)",null,"57080",32.1,15140,null,null,32.8,33.4,null,28832,2019,2101.6,null
124,"Nungarin (S)",null,"56860",47.4,125,null,null,47.5,47.3,null,249,2019,0.2,null
564,"Pingelly (S)",null,"57140",51.4,583,null,null,50.3,48.9,null,1147,2019,0.9,null
993,"Peppermint Grove (S)",null,"56930",37.4,739,null,null,40.6,44.7,null,1732,2019,1622.2,null
191,"Perenjori (S)",null,"57000",41.5,389,null,null,42.3,42.6,null,580,2019,0.1,null
68310,"Rockingham (C)",null,"57490",35.6,67633,null,null,35.0,34.3,null,135943,2019,527.9,null
16058,"Serpentine-Jarrahdale (S)",null,"57700",32.3,16504,null,null,32.5,32.8,null,32562,2019,36.1,null
415,"Shark Bay (S)",null,"57770",39.4,524,null,null,41.9,44.1,null,939,2019,null,null
22315,"South Perth (C)",null,"57840",39.5,21458,null,null,37.7,35.8,null,43773,2019,2209.5,null
41,"Sandstone (S)",null,"57630",61.7,38,null,null,60.5,58.8,null,79,2019,null,null
113281,"Stirling (C)",null,"57910",38.4,107759,null,null,37.5,36.6,null,221040,2019,2110.6,null
73925,"Swan (C)",null,"58050",34.6,73428,null,null,34.2,33.7,null,147353,2019,141.3,null
189,"Tammin (S)",null,"58190",39.5,209,null,null,40.8,42.5,null,398,2019,0.4,null
294,"Three Springs (S)",null,"58260",37.6,279,null,null,40.9,43.4,null,573,2019,0.2,null
8961,"Subiaco (C)",null,"57980",40.6,8290,null,null,40.1,39.6,null,17251,2019,3070.6,null
18404,"Victoria Park (T)",null,"58510",35.2,18558,null,null,35.1,35.1,null,36962,2019,2060.3,null
931,"Wagin (S)",null,"58610",48.5,855,null,null,49.8,52.1,null,1786,2019,0.9,null
1009,"Central Highlands (M) (Tas.)",null,"61010",48.1,1121,null,null,52.0,54.6,null,2130,2019,0.3,null
2215,"Toodyay (S)",null,"58330",52.1,2243,null,null,52.4,52.8,null,4458,2019,2.6,null
210,"Wandering (S)",null,"58680",48.0,214,null,null,50.1,52.7,null,424,2019,0.2,null
105236,"Wanneroo (C)",null,"58760",34.4,103001,null,null,33.9,33.4,null,208237,2019,304.8,null
155,"Trayning (S)",null,"58400",50.2,197,null,null,51.3,53.1,null,352,2019,0.2,null
2126,"Waroona (S)",null,"58820",45.2,2086,null,null,45.5,45.9,null,4212,2019,5.1,null
387,"West Arthur (S)",null,"58890",47.4,393,null,null,48.3,49.0,null,780,2019,0.3,null
150,"Upper Gascoyne (S)",null,"58470",26.4,135,null,null,28.1,28.9,null,285,2019,null,null
191,"Wiluna (S)",null,"59250",35.2,493,null,null,37.4,38.1,null,684,2019,null,null
417,"Victoria Plains (S)",null,"58540",43.3,497,null,null,45.4,46.9,null,914,2019,0.4,null
201,"Woodanilling (S)",null,"59320",37.5,229,null,null,40.6,47.1,null,430,2019,0.4,null
18449,"Vincent (C)",null,"58570",34.7,18112,null,null,35.1,35.6,null,36561,2019,3213.6,null
248,"Wyalkatchem (S)",null,"59330",52.9,244,null,null,53.3,53.6,null,492,2019,0.3,null
3858,"Wyndham-East Kimberley (S)",null,"59340",33.4,3480,null,null,33.6,33.8,null,7338,2019,0.1,null
142,"Westonia (S)",null,"59030",38.7,164,null,null,42.2,46.5,null,306,2019,0.1,null
139,"Yalgoo (S)",null,"59350",45.3,217,null,null,44.0,42.8,null,356,2019,null,null
1794,"York (S)",null,"59370",52.7,1781,null,null,52.9,53.1,null,3575,2019,1.7,null
368,"Wickepin (S)",null,"59100",41.4,346,null,null,45.0,49.5,null,714,2019,0.3,null
2128,"Unincorp. Other Territories",null,"99399",45.3,2515,null,null,44.1,43.1,null,4643,2019,18.1,null
3103,"Break O'Day (M)",null,"60210",55.4,3185,null,null,56.0,56.6,null,6288,2019,1.8,null
8837,"Brighton (M)",null,"60410",35.7,8838,null,null,34.9,34.0,null,17675,2019,103.3,null
489,"Williams (S)",null,"59170",44.9,521,null,null,43.1,39.5,null,1010,2019,0.4,null
609,"Wongan-Ballidu (S)",null,"59310",45.3,679,null,null,44.4,43.5,null,1288,2019,0.4,null
10074,"Burnie (C)",null,"60610",40.8,9476,null,null,40.2,39.4,null,19550,2019,32.0,null
471,"Yilgarn (S)",null,"59360",45.6,692,null,null,47.0,47.8,null,1163,2019,null,null
11267,"Central Coast (M) (Tas.)",null,"60810",47.9,10671,null,null,47.3,46.7,null,21938,2019,23.5,null
3977,"Circular Head (M)",null,"61210",41.5,4101,null,null,40.2,39.1,null,8078,2019,1.6,null
29045,"Clarence (C)",null,"61410",43.7,28762,null,null,42.1,40.6,null,57807,2019,152.9,null
5125,"Derwent Valley (M)",null,"61510",44.0,5299,null,null,43.6,43.3,null,10424,2019,2.5,null
13418,"Devonport (C)",null,"61610",44.3,12215,null,null,43.0,41.5,null,25633,2019,230.4,null
3321,"Dorset (M)",null,"61810",49.5,3313,null,null,48.9,48.2,null,6634,2019,2.1,null
457,"Flinders (M) (Tas.)",null,"62010",53.5,553,null,null,54.6,56.2,null,1010,2019,0.5,null
3499,"George Town (M)",null,"62210",47.6,3469,null,null,47.9,48.2,null,6968,2019,10.7,null
2274,"Glamorgan/Spring Bay (M)",null,"62410",56.6,2328,null,null,56.6,56.5,null,4602,2019,1.8,null
24059,"Glenorchy (C)",null,"62610",39.8,23910,null,null,38.6,37.3,null,47969,2019,396.0,null
27372,"Hobart (C)",null,"62810",39.1,27277,null,null,37.7,36.4,null,54649,2019,701.4,null
8860,"Huon Valley (M)",null,"63010",45.8,8701,null,null,45.6,45.6,null,17561,2019,3.2,null
3096,"Kentish (M)",null,"63210",49.3,3219,null,null,48.8,48.4,null,6315,2019,5.5,null
793,"King Island (M)",null,"63410",45.2,817,null,null,45.5,46.1,null,1610,2019,1.5,null
19410,"Kingborough (M)",null,"63610",43.3,18900,null,null,41.8,40.3,null,38310,2019,53.2,null
5948,"Latrobe (M) (Tas.)",null,"63810",48.8,5690,null,null,47.8,46.7,null,11638,2019,19.4,null
34908,"Launceston (C)",null,"64010",40.7,33099,null,null,38.5,36.3,null,68007,2019,48.1,null
10205,"Meander Valley (M)",null,"64210",46.9,9639,null,null,46.1,45.1,null,19844,2019,6.0,null
6770,"Northern Midlands (M)",null,"64610",46.2,6667,null,null,45.8,45.3,null,13437,2019,2.6,null
7722,"Sorell (M)",null,"64810",42.9,7881,null,null,42.2,41.5,null,15603,2019,26.7,null
1175,"Tasman (M)",null,"65210",55.6,1239,null,null,56.6,57.3,null,2414,2019,3.7,null
3053,"Southern Midlands (M)",null,"65010",44.1,3237,null,null,44.5,44.9,null,6290,2019,2.4,null
7001,"Waratah/Wynyard (M)",null,"65410",48.0,6827,null,null,46.8,45.3,null,13828,2019,3.9,null
1969,"West Coast (M)",null,"65610",44.7,2206,null,null,45.6,46.7,null,4175,2019,0.4,null
12270,"West Tamar (M)",null,"65810",46.3,11800,null,null,45.8,45.1,null,24070,2019,34.8,null
13541,"Alice Springs (T)",null,"70200",35.7,12849,null,null,34.9,34.3,null,26390,2019,80.5,null
72,"Belyuen (S)",null,"70540",29.5,103,null,null,32.1,32.4,null,175,2019,4.2,null
3653,"Barkly (R)",null,"70420",29.3,3716,null,null,29.0,28.7,null,7369,2019,null,null
2153,"Central Desert (R)",null,"70620",30.1,2078,null,null,28.8,27.2,null,4231,2019,null,null
673,"Coomalie (S)",null,"70700",44.4,697,null,null,48.6,51.9,null,1370,2019,0.7,null
40684,"Darwin (C)",null,"71000",34.6,42202,null,null,34.7,34.9,null,82886,2019,744.6,null
5135,"East Arnhem (R)",null,"71300",28.1,5209,null,null,26.9,25.5,null,10344,2019,0.3,null
5055,"Katherine (T)",null,"72200",33.0,5568,null,null,32.7,32.4,null,10623,2019,1.4,null
10183,"Litchfield (M)",null,"72300",39.2,15378,null,null,39.2,39.1,null,25561,2019,8.8,null
3367,"MacDonnell (R)",null,"72330",31.4,3550,null,null,30.9,30.4,null,6917,2019,null,null
3630,"Roper Gulf (R)",null,"73600",27.8,3798,null,null,28.1,28.3,null,7428,2019,null,null
1359,"Tiwi Islands (R)",null,"74050",32.4,1382,null,null,31.0,29.8,null,2741,2019,0.4,null
1517,"Victoria Daly (R)",null,"74550",28.7,1638,null,null,28.0,27.3,null,3155,2019,null,null
3379,"West Arnhem (R)",null,"74660",30.5,3502,null,null,29.9,29.4,null,6881,2019,0.1,null
18950,"Palmerston (C)",null,"72800",30.8,19320,null,null,30.6,30.4,null,38270,2019,726.8,null
241,"Wagait (S)",null,"74560",49.1,278,null,null,48.7,48.6,null,519,2019,92.1,null
1903,"West Daly (R)",null,"74680",26.8,1790,null,null,25.9,25.1,null,3693,2019,0.3,null
3364,"Unincorporated NT",null,"79399",34.7,4012,null,null,35.9,37.2,null,7376,2019,0.4,null
215733,"Unincorporated ACT",null,"89399",35.9,210971,null,null,35.4,34.8,null,426704,2019,180.9,null
